,AAPL,MSFT,SPY
AAPL,1.0,0.5844521914074895,0.7531290841207033
MSFT,0.5844521914074895,1.0,0.7303176836429721
SPY,0.7531290841207033,0.7303176836429721,1.0
